{
  "feature_names": [
    "Lub oil pressure",
    "Fuel pressure",
    "Coolant pressure",
    "lub oil temp",
    "Coolant temp"
  ],
  "min_values": [
    0.007891068,
    0.003187131,
    0.002482733,
    71.32197369,
    62.44595534
  ],
  "max_values": [
    7.051322299,
    19.85891723,
    7.168409539,
    89.58079551,
    195.5279116
  ],
  "mean_values": [
    3.2890931644921726,
    6.569047856352522,
    2.336854477390967,
    77.71846472766832,
    78.49062170232058
  ],
  "std_values": [
    1.019827149375419,
    2.7593564562767097,
    1.0444739273692576,
    3.132219025954746,
    6.1863076781665605
  ]
}