{
  "loss": [
    2.90061092376709,
    2.0359303951263428,
    1.5026090145111084,
    1.1724138259887695,
    0.9728651642799377,
    0.8548611998558044,
    0.7838864326477051,
    0.7410491704940796,
    0.7166036367416382,
    0.7016239166259766,
    0.6913269758224487,
    0.6850782632827759,
    0.6819248199462891,
    0.6796513199806213,
    0.6762645244598389,
    0.6754302382469177,
    0.6722108721733093,
    0.6729366183280945,
    0.673051655292511,
    0.6711553931236267,
    0.670177698135376,
    0.6700000166893005,
    0.6702041625976562,
    0.6704716086387634,
    0.6686607003211975,
    0.6696143746376038,
    0.6676727533340454,
    0.6673321723937988,
    0.6676033139228821,
    0.6679689884185791
  ],
  "val_loss": [
    2.3699395656585693,
    1.7152742147445679,
    1.3033674955368042,
    1.0515422821044922,
    0.898929238319397,
    0.8101522326469421,
    0.7563244700431824,
    0.7260134816169739,
    0.7055227756500244,
    0.6951956152915955,
    0.6861266493797302,
    0.68213951587677,
    0.6781151294708252,
    0.6756768226623535,
    0.6743343472480774,
    0.6728365421295166,
    0.6713248491287231,
    0.6729657053947449,
    0.6710089445114136,
    0.6695572733879089,
    0.671042263507843,
    0.6686663031578064,
    0.6703194975852966,
    0.6689794063568115,
    0.6695408225059509,
    0.6705338954925537,
    0.6724538803100586,
    0.6688559055328369,
    0.6674259305000305,
    0.667420506477356
  ],
  "accuracy": [
    0.5237225294113159,
    0.5577713251113892,
    0.5630486607551575,
    0.5697467923164368,
    0.5763942003250122,
    0.5834475159645081,
    0.5837519764900208,
    0.586492121219635,
    0.5843101143836975,
    0.5821789503097534,
    0.5866950750350952,
    0.5882173776626587,
    0.5854772329330444,
    0.5842086672782898,
    0.5885218381881714,
    0.5901456475257874,
    0.5888262987136841,
    0.5862383842468262,
    0.5918201804161072,
    0.5901963710784912,
    0.591414213180542,
    0.591870903968811,
    0.5942050814628601,
    0.5910082459449768,
    0.5951692461967468,
    0.589993417263031,
    0.596336305141449,
    0.5961333513259888,
    0.5918201804161072,
    0.5942050814628601
  ],
  "val_accuracy": [
    0.5751978754997253,
    0.5800690054893494,
    0.589202344417572,
    0.5873757004737854,
    0.5896082520484924,
    0.5924497842788696,
    0.589202344417572,
    0.5883905291557312,
    0.5908260345458984,
    0.5902171730995178,
    0.5839253067970276,
    0.587984561920166,
    0.5912320017814636,
    0.5885934829711914,
    0.59285569190979,
    0.5975238680839539,
    0.5938705205917358,
    0.5944793820381165,
    0.5930586457252502,
    0.5971179008483887,
    0.5938705205917358,
    0.6003653407096863,
    0.6001623868942261,
    0.5997564196586609,
    0.5942764282226562,
    0.5963060855865479,
    0.5963060855865479,
    0.5983356833457947,
    0.5989446043968201,
    0.5973209142684937
  ]
}