{
  "feature_names": [
    "Lub oil pressure",
    "Fuel pressure",
    "Coolant pressure",
    "lub oil temp",
    "Coolant temp"
  ],
  "min_values": [
    0.003384113,
    0.003187131,
    0.002482733,
    71.32197369,
    61.67332472
  ],
  "max_values": [
    7.265565536,
    21.13832551,
    7.478504946,
    89.58079551,
    195.5279116
  ],
  "mean_values": [
    3.3037751547801384,
    6.6556154508940875,
    2.3353688916173536,
    77.6434200131272,
    78.42743301515333
  ],
  "std_values": [
    1.0216168500100715,
    2.7609499780914586,
    1.0363555762725962,
    3.1109043103522898,
    6.206590422246137
  ]
}